Time,WallPressure,FreeSurfaceHeight,KineticEnergy,TankDisplacement
0,000000,36,002,0,197500,0,000037,0,000000
0,010000,12,409,0,197015,0,309728,0,000754
0,020000,3,638,0,195602,1,202848,0,001507
0,030000,3,685,0,193172,2,902798,0,002257
0,040000,267,923,0,189712,96,682338,0,003005
0,050000,917,489,0,185397,105,267301,0,003748
0,060000,3002,752,0,185541,119,067572,0,004485
0,070000,4708,713,0,198585,123,514635,0,005217
0,080000,4581,911,0,217791,176,068192,0,005941
0,090000,3937,596,0,236139,162,509725,0,006656
0,100000,1720,138,0,253553,174,739253,0,007362
0,110000,1466,732,0,270018,207,497564,0,008058
0,120000,2303,391,0,285514,250,220640,0,008742
0,130000,2432,963,0,300032,302,099487,0,009414
0,140000,1107,556,0,318232,386,814007,0,010072
0,150000,1878,042,0,348892,488,649600,0,010717
0,160000,3421,629,0,400254,610,024462,0,011345
0,170000,2532,996,0,497758,735,916206,0,011958
0,180000,156,974,0,594280,845,603367,0,012554
0,190000,1730,168,0,716320,959,739605,0,013132
0,200000,605,103,0,841141,1037,625024,0,013691
0,210000,1484,787,0,964982,1113,230482,0,014231
0,220000,2994,606,1,087841,1173,851582,0,014750
0,230000,3133,510,1,210159,1227,845466,0,015249
0,240000,8329,098,1,337191,1269,823076,0,015726
0,250000,6678,821,1,463242,1315,795559,0,016180
0,260000,26995,050,1,588312,1339,756116,0,016612
0,270000,7645,999,1,712400,1378,597735,0,017020
0,280000,5386,252,1,835508,1394,441378,0,017404
0,290000,5081,578,1,957635,1412,467037,0,017763
0,300000,11022,898,2,078781,1439,371314,0,018097
0,310000,3862,060,2,198946,1444,167921,0,018405
0,320000,7118,538,2,318130,1446,417269,0,018687
0,330000,7855,692,2,436333,1435,230408,0,018942
0,340000,9955,163,2,553555,1434,322253,0,019170
0,350000,13721,194,2,669796,1428,050197,0,019372
0,360000,5391,102,2,785056,1437,780515,0,019545
0,370000,5216,192,2,899334,1418,740353,0,019691
0,380000,3832,323,3,012632,1400,291233,0,019809
0,390000,6162,580,3,124949,1390,008533,0,019899
0,400000,3998,283,3,236285,1376,643522,0,019961
0,410000,10536,788,3,346640,1350,734306,0,019994
0,420000,17884,871,3,456014,1325,921212,0,019998
0,430000,18686,764,3,564407,1313,371279,0,019975
0,440000,5486,274,3,671819,1291,640080,0,019923
0,450000,10839,713,3,778250,1278,530040,0,019842
0,460000,5657,750,3,923378,1278,298795,0,019734
0,470000,13554,015,4,099507,1246,027668,0,019597
0,480000,20220,580,4,274654,1248,499487,0,019433
0,490000,19897,994,4,448821,1230,865290,0,019241
0,500000,4292,533,4,622006,1237,039892,0,019021
0,510000,3964,280,4,794211,1192,723333,0,018775
0,520000,3731,461,4,965435,1126,712143,0,018502
0,530000,4412,609,5,160309,1101,736497,0,018202
0,540000,3505,392,5,371189,1070,102594,0,017877
0,550000,3882,874,5,581088,1043,333819,0,017526
0,560000,3862,961,5,790006,1017,010868,0,017151
0,570000,3617,267,5,997943,1002,063825,0,016751
0,580000,4101,736,6,204899,975,206791,0,016327
0,590000,4017,443,6,410874,946,962205,0,015880
0,600000,4768,012,6,615868,923,918948,0,015410
0,610000,3636,205,6,819882,903,383107,0,014919
0,620000,3304,206,7,022914,882,594134,0,014406
0,630000,3285,652,7,224965,866,890086,0,013873
0,640000,4287,368,7,426035,845,019894,0,013320
0,650000,3782,653,7,626124,832,769758,0,012748
0,660000,3315,386,7,825232,808,057710,0,012159
0,670000,3793,934,8,023359,790,349730,0,011551
0,680000,3464,397,8,220505,781,204456,0,010928
0,690000,3456,169,8,416670,762,190687,0,010289
0,700000,3541,404,8,611854,749,938846,0,009635
0,710000,3477,441,8,806057,738,105560,0,008968
0,720000,3525,459,8,999280,714,516889,0,008288
0,730000,3595,591,9,191521,703,497106,0,007596
0,740000,7037,798,9,382781,686,268699,0,006893
0,750000,4196,831,9,573060,673,263503,0,006180
0,760000,6254,756,9,762358,660,174989,0,005459
0,770000,7133,912,9,950675,648,068386,0,004730
0,780000,5028,930,10,138011,638,137666,0,003994
0,790000,4606,720,10,324366,625,607381,0,003253
0,800000,7688,119,10,509740,619,243626,0,002507
0,810000,4865,587,10,694133,605,885876,0,001757
0,820000,4104,267,10,877545,597,414227,0,001005
0,830000,4263,992,11,059977,593,115080,0,000251
0,840000,5453,640,11,241427,579,415049,-0,000503
0,850000,4279,237,11,421896,565,273640,-0,001256
0,860000,5770,724,11,601384,563,024868,-0,002007
0,870000,3637,067,11,779891,552,159660,-0,002756
0,880000,3525,996,11,957417,535,996352,-0,003500
0,890000,3952,222,12,133962,527,381606,-0,004240
0,900000,3964,769,12,309526,522,304211,-0,004974
0,910000,3546,731,12,484109,510,335095,-0,005700
0,920000,6203,442,12,688035,506,870635,-0,006419
0,930000,5502,647,12,967786,502,781133,-0,007128
0,940000,13424,731,13,246556,501,608394,-0,007827
0,950000,5210,761,13,524345,495,154306,-0,008516
0,960000,10618,930,13,801153,486,837248,-0,009192
0,970000,5447,681,14,076980,486,354162,-0,009855
0,980000,5422,277,14,351826,483,712926,-0,010503
0,990000,6556,344,14,625691,485,000987,-0,011138
1,000000,4302,849,14,898575,489,439112,-0,011756
1,010000,5860,532,15,170478,488,865769,-0,012357
1,020000,6901,891,15,441400,487,250945,-0,012941
1,030000,6512,183,15,711341,481,102926,-0,013507
1,040000,9888,529,15,980301,487,567038,-0,014053
1,050000,5480,498,16,248280,485,021270,-0,014579
1,060000,14047,284,16,515278,473,634989,-0,015085
1,070000,6612,999,16,781295,481,460617,-0,015569
1,080000,7056,391,17,046331,484,264045,-0,016031
1,090000,7985,319,17,310386,477,970688,-0,016471
1,100000,10061,853,17,573460,491,271255,-0,016887
1,110000,12886,127,17,835553,481,009231,-0,017278
1,120000,11926,231,18,096665,491,897643,-0,017646
1,130000,15789,956,18,356796,504,032710,-0,017988
1,140000,17918,951,18,615946,504,539334,-0,018305
1,150000,17639,554,18,874115,511,939586,-0,018596
1,160000,7231,667,19,131303,516,044387,-0,018860
1,170000,12261,990,19,387510,530,828975,-0,019097
1,180000,13149,561,19,642735,529,598649,-0,019308
1,190000,14258,101,19,896980,531,872763,-0,019491
1,200000,7733,609,20,150244,529,124331,-0,019646
1,210000,5502,126,20,402527,539,648574,-0,019773
1,220000,18219,110,20,653829,529,576534,-0,019872
1,230000,7405,596,20,904150,537,954812,-0,019943
1,240000,11580,064,21,153490,533,199512,-0,019986
1,250000,10935,184,21,401849,541,478729,-0,020000
1,260000,25377,244,21,649227,560,394719,-0,019986
1,270000,11016,748,21,895624,581,735586,-0,019943
1,280000,14131,517,22,141040,583,465960,-0,019872
1,290000,7318,268,22,385475,611,620208,-0,019773
1,300000,14228,111,22,628929,616,314115,-0,019646
1,310000,17636,460,22,871402,619,928467,-0,019491
1,320000,10309,198,23,112894,652,760272,-0,019308
1,330000,14372,091,23,353405,637,470825,-0,019097
1,340000,14511,026,23,592935,637,053536,-0,018860
1,350000,20104,156,23,831484,644,911442,-0,018596
1,360000,27100,188,24,069052,611,193866,-0,018305
1,370000,9150,009,24,305639,654,461380,-0,017988
1,380000,9903,923,24,541245,653,702544,-0,017646
1,390000,9137,117,24,775870,656,050659,-0,017278
1,400000,26239,973,25,009514,683,500732,-0,016887
1,410000,11456,139,25,242177,681,841093,-0,016471
1,420000,9190,295,25,473859,690,775061,-0,016031
1,430000,8392,718,25,704560,692,791299,-0,015569
1,440000,14840,864,25,934280,696,754218,-0,015085
1,450000,13842,367,26,163019,678,641853,-0,014579
1,460000,9622,459,26,390777,673,628636,-0,014053
1,470000,8563,667,26,617554,667,279262,-0,013507
1,480000,12422,046,26,843350,658,816069,-0,012941
1,490000,11701,528,27,068165,670,085023,-0,012357
1,500000,8988,235,27,291999,677,444888,-0,011756
1,510000,9483,990,27,514852,676,232170,-0,011138
1,520000,9764,049,27,736724,671,759787,-0,010503
1,530000,8458,430,27,957615,678,694110,-0,009855
1,540000,8948,048,28,177525,686,996477,-0,009192
1,550000,8104,237,28,396454,687,137029,-0,008516
1,560000,9942,985,28,614402,686,632581,-0,007827
1,570000,8643,611,28,831369,696,112995,-0,007128
1,580000,9763,653,29,047355,702,702876,-0,006419
1,590000,9040,598,29,262360,702,909270,-0,005700
1,600000,9359,377,29,476384,706,577220,-0,004974
1,610000,8396,324,29,689427,719,790929,-0,004240
1,620000,8667,240,29,901489,721,046293,-0,003500
1,630000,4512,278,30,112570,726,285089,-0,002756
1,640000,4950,822,30,322670,734,989482,-0,002007
1,650000,5362,664,30,531789,748,270603,-0,001256
1,660000,4794,708,30,739927,763,147264,-0,000503
1,670000,4691,624,30,947084,765,045403,0,000251
1,680000,4925,299,31,153260,780,032661,0,001005
1,690000,5049,793,31,358454,778,491072,0,001757
1,700000,4523,155,31,562668,780,538676,0,002507
1,710000,4314,432,31,765901,796,041524,0,003253
1,720000,4695,523,31,968153,803,449494,0,003994
1,730000,3946,109,32,169424,814,841466,0,004730
1,740000,4165,376,32,369714,814,781770,0,005459
1,750000,4202,306,32,569023,824,505651,0,006180
1,760000,4225,835,32,767351,836,679465,0,006893
1,770000,5039,256,32,964698,851,624767,0,007596
1,780000,6403,703,33,161064,855,593051,0,008288
1,790000,5610,026,33,356449,861,786343,0,008968
1,800000,4274,234,33,550853,868,344225,0,009635
1,810000,4305,493,33,744276,870,429935,0,010289
1,820000,4320,674,33,936718,892,555937,0,010928
1,830000,3714,046,34,128179,895,348636,0,011551
1,840000,8817,845,34,318659,907,613861,0,012159
1,850000,3681,054,34,508158,922,517484,0,012748
1,860000,8272,374,34,696676,917,268434,0,013320
1,870000,3355,251,34,884213,924,215024,0,013873
1,880000,3358,868,35,070769,934,884146,0,014406
1,890000,3751,678,35,256344,932,547820,0,014919
1,900000,3771,997,35,440938,946,981212,0,015410
1,910000,3623,617,35,624551,950,500186,0,015880
1,920000,3512,384,35,807183,958,199173,0,016327
1,930000,3810,435,35,988834,947,991440,0,016751
1,940000,3387,879,36,169504,954,143133,0,017151
1,950000,3456,165,36,349193,961,907028,0,017526
1,960000,6547,275,36,527901,974,457204,0,017877
1,970000,7418,641,36,705628,981,203777,0,018202
1,980000,6656,167,36,882374,991,646455,0,018502
1,990000,6290,067,37,058139,983,204572,0,018775
2,000000,6191,529,37,232923,993,504589,0,019021
2,010000,6868,252,37,406726,1005,368384,0,019241
2,020000,6587,223,37,579548,1016,551270,0,019433
2,030000,3273,697,37,751389,1002,407245,0,019597
2,040000,3651,290,37,922249,1012,896512,0,019734
2,050000,4146,477,38,092128,1023,048598,0,019842
2,060000,3348,079,38,261026,1033,907102,0,019923
2,070000,3341,911,38,428943,1037,021945,0,019975
2,080000,5769,428,38,595879,1051,965123,0,019998
2,090000,6011,342,38,761834,1069,290037,0,019994
2,100000,5836,279,38,926808,1074,022247,0,019961
2,110000,5854,107,39,090801,1063,959338,0,019899
2,120000,6991,399,39,253813,1055,519203,0,019809
2,130000,6142,935,39,415844,1054,260571,0,019691
2,140000,6090,516,39,576894,1070,488076,0,019545
2,150000,5792,675,39,736963,1071,608277,0,019372
2,160000,6152,062,39,896051,1089,716584,0,019170
2,170000,6379,868,40,054158,1104,035740,0,018942
2,180000,6187,905,40,211284,1112,591040,0,018687
2,190000,5661,953,40,367429,1134,974193,0,018405
2,200000,5245,541,40,522593,1145,464014,0,018097
2,210000,5391,807,40,676775,1155,808498,0,017763
2,220000,5329,765,40,829977,1149,651816,0,017404
2,230000,9834,463,40,982198,1131,152951,0,017020
2,240000,9915,051,41,133438,1125,274057,0,016612
2,250000,5819,453,41,283697,1133,765603,0,016180
2,260000,5554,079,41,432975,1148,515022,0,015726
2,270000,8279,208,41,581272,1158,197964,0,015249
2,280000,7075,582,41,728588,1158,764134,0,014750
2,290000,5273,223,41,874923,1170,295376,0,014231
2,300000,6434,795,42,020277,1170,941858,0,013691
2,310000,5074,465,42,164650,1176,234882,0,013132
2,320000,5410,996,42,308042,1182,438841,0,012554
2,330000,5877,333,42,450453,1189,205544,0,011958
2,340000,5393,736,42,591883,1201,973103,0,011345
2,350000,9006,577,42,732332,1207,100856,0,010717
2,360000,5723,009,42,871800,1210,488268,0,010072
2,370000,8150,754,43,010287,1207,060665,0,009414
2,380000,6147,202,43,147793,1230,008862,0,008742
2,390000,6379,413,43,284318,1225,239423,0,008058
2,400000,9490,955,43,419862,1220,819345,0,007362
2,410000,11020,223,43,554425,1240,135072,0,006656
2,420000,9074,772,43,688007,1250,701806,0,005941
2,430000,6816,119,43,820608,1245,046898,0,005217
2,440000,11445,093,43,952228,1252,815358,0,004485
2,450000,6263,516,44,082867,1253,955423,0,003748
2,460000,10119,431,44,212525,1246,411050,0,003005
2,470000,6121,049,44,341202,1262,237413,0,002257
2,480000,7884,401,44,468898,1269,159345,0,001507
2,490000,14259,942,44,595613,1264,523351,0,000754
2,500000,5931,266,44,721347,1265,577817,-0,000000
2,510000,5949,815,44,846100,1260,945726,-0,000754
2,520000,6094,350,44,969872,1261,026066,-0,001507
2,530000,6255,234,45,092663,1259,046273,-0,002257
2,540000,11409,366,45,214473,1248,421890,-0,003005
2,550000,6236,601,45,335302,1244,869521,-0,003748
2,560000,6777,173,45,455150,1253,643144,-0,004485
2,570000,8386,352,45,574017,1258,212941,-0,005217
2,580000,7592,468,45,691903,1254,405077,-0,005941
2,590000,7465,436,45,808808,1251,581476,-0,006656
2,600000,10464,926,45,924732,1255,337741,-0,007362
2,610000,7298,918,46,039675,1263,104600,-0,008058
2,620000,8423,608,46,153637,1251,580923,-0,008742
2,630000,7622,592,46,266618,1259,693069,-0,009414
2,640000,7982,651,46,378618,1257,672087,-0,010072
2,650000,7234,889,46,489637,1256,585689,-0,010717
2,660000,6861,729,46,599675,1257,505708,-0,011345
2,670000,8664,693,46,708732,1247,154846,-0,011958
2,680000,9679,061,46,816808,1239,850546,-0,012554
2,690000,10328,411,46,923903,1235,346951,-0,013132
2,700000,9135,601,47,030017,1239,941397,-0,013691
2,710000,6491,701,47,135150,1245,953678,-0,014231
2,720000,7053,476,47,239302,1236,353140,-0,014750
2,730000,14781,304,47,342472,1235,094944,-0,015249
2,740000,9045,743,47,444662,1239,481343,-0,015726
2,750000,11599,512,47,545871,1233,272450,-0,016180
2,760000,7098,227,47,646099,1225,973465,-0,016612
2,770000,7228,703,47,745346,1222,131584,-0,017020
2,780000,11955,025,47,843612,1223,069376,-0,017404
2,790000,7983,626,47,940897,1215,934525,-0,017763
2,800000,7630,984,48,037201,1212,863266,-0,018097
2,810000,9721,966,48,132524,1205,620117,-0,018405
2,820000,8983,459,48,226866,1198,562384,-0,018687
2,830000,7397,482,48,320227,1194,150435,-0,018942
2,840000,7766,807,48,412607,1197,508321,-0,019170
2,850000,7683,039,48,504006,1208,253826,-0,019372
2,860000,7632,035,48,594424,1209,522026,-0,019545
2,870000,11586,095,48,683861,1208,064332,-0,019691
2,880000,14601,931,48,772317,1211,724881,-0,019809
2,890000,8617,626,48,859792,1209,794507,-0,019899
2,900000,16906,677,48,946286,1212,840165,-0,019961
2,910000,7427,970,49,031799,1222,359319,-0,019994
2,920000,8791,663,49,116331,1229,235011,-0,019998
2,930000,13382,245,49,199882,1222,020597,-0,019975
2,940000,14431,478,49,282452,1214,272331,-0,019923
2,950000,7947,484,49,364041,1224,407051,-0,019842
2,960000,7803,542,49,444649,1208,048843,-0,019734
2,970000,11041,474,49,524276,1189,857254,-0,019597
2,980000,7558,837,49,602922,1190,341788,-0,019433
2,990000,11692,751,49,680587,1184,812566,-0,019241
3,000000,4221,096,49,757271,1182,364319,-0,019021
3,010000,4537,849,49,832974,1171,909120,-0,018775
3,020000,4287,133,49,907696,1172,235160,-0,018502
3,030000,4140,801,49,981437,1163,792006,-0,018202
3,040000,4562,520,50,054197,1159,012571,-0,017877
3,050000,4452,021,50,125976,1156,417442,-0,017526
3,060000,4903,597,50,196774,1164,810736,-0,017151
3,070000,4287,131,50,266591,1159,763598,-0,016751
3,080000,0,000,50,335427,1168,506639,-0,016327
3,090000,0,000,50,403282,1174,720486,-0,015880
3,100000,0,000,50,470156,1160,097436,-0,015410
3,110000,0,000,50,536049,1155,847987,-0,014919
3,120000,0,000,50,600961,1153,518805,-0,014406
3,130000,0,000,50,664892,1153,051374,-0,013873
3,140000,0,000,50,727842,1145,921751,-0,013320
3,150000,0,000,50,789811,1161,457967,-0,012748
3,160000,0,000,50,850799,1145,881086,-0,012159
3,170000,0,000,50,910806,1154,259680,-0,011551
3,180000,0,000,50,969832,1148,384737,-0,010928
3,190000,5655,505,51,027877,1136,748377,-0,010289
3,200000,6046,929,51,084941,1129,103304,-0,009635
3,210000,5836,262,51,141024,1123,672202,-0,008968
3,220000,5556,122,51,196126,1117,449556,-0,008288
3,230000,0,000,51,250247,1119,365352,-0,007596
3,240000,0,000,51,303387,1122,573705,-0,006893
3,250000,0,000,51,355545,1125,297766,-0,006180
3,260000,0,000,51,406723,1135,474327,-0,005459
3,270000,5556,122,51,456920,1110,884118,-0,004730
3,280000,5468,624,51,506136,1111,643722,-0,003994
3,290000,0,000,51,554371,1113,836251,-0,003253
3,300000,0,000,51,601625,1110,900970,-0,002507
3,310000,0,000,51,647898,1110,821841,-0,001757
3,320000,0,000,51,693190,1116,931641,-0,001005
3,330000,0,000,51,737501,1108,539790,-0,000251
3,340000,0,000,51,780831,1105,006786,0,000503
3,350000,0,000,51,823180,1103,183722,0,001256
3,360000,0,000,51,864548,1106,444548,0,002007
3,370000,0,000,51,904935,1112,623934,0,002756
3,380000,5156,078,51,944341,1109,035943,0,003500
3,390000,5281,310,51,982766,1106,626725,0,004240
3,400000,0,000,52,020210,1100,162995,0,004974
3,410000,0,000,52,056673,1096,618561,0,005700
3,420000,0,000,52,092155,1088,673186,0,006419
3,430000,0,000,52,126656,1090,590205,0,007128
3,440000,4553,740,52,160176,1080,119838,0,007827
3,450000,4940,825,52,192715,1073,050224,0,008516
3,460000,0,000,52,224273,1073,092280,0,009192
3,470000,5926,407,52,254850,1062,603748,0,009855
3,480000,4461,285,52,284446,1056,042269,0,010503
3,490000,4368,020,52,313061,1060,870241,0,011138
3,500000,4452,021,52,340695,1059,274587,0,011756
3,510000,4423,664,52,367348,1058,926176,0,012357
3,520000,4368,020,52,393020,1060,836564,0,012941
3,530000,4540,200,52,417711,1053,696173,0,013507
3,540000,4692,670,52,441421,1049,648666,0,014053
3,550000,0,000,52,464150,1056,839763,0,014579
3,560000,0,000,52,485898,1049,429885,0,015085
3,570000,0,000,52,506665,1050,677836,0,015569
3,580000,0,000,52,526451,1039,424563,0,016031
3,590000,3794,992,52,545256,1029,332544,0,016471
3,600000,0,000,52,563080,1030,465432,0,016887
3,610000,0,000,52,579923,1033,293689,0,017278
3,620000,0,000,52,595785,1024,893943,0,017646
3,630000,0,000,52,610666,1019,050970,0,017988
3,640000,0,000,52,624566,1012,259465,0,018305
3,650000,0,000,52,637485,1005,211567,0,018596
3,660000,0,000,52,649423,1014,272975,0,018860
3,670000,0,000,52,660380,1005,851122,0,019097
3,680000,0,000,52,670356,1015,246302,0,019308
3,690000,3387,879,52,679351,1010,114720,0,019491
3,700000,3349,192,52,687365,1002,782567,0,019646
3,710000,3404,512,52,694398,1005,020842,0,019773
3,720000,3276,015,52,700450,991,415211,0,019872
3,730000,3230,303,52,705521,991,823798,0,019943
3,740000,2954,952,52,709611,984,327626,0,019986
3,750000,2778,061,52,712720,990,133386,0,020000
3,760000,2893,072,52,714847,985,573470,0,019986
3,770000,2712,950,52,715994,977,825857,0,019943
3,780000,2601,181,52,716160,978,190174,0,019872
3,790000,2759,644,52,715345,973,081950,0,019773
3,800000,2544,012,52,713549,982,757988,0,019646
3,810000,5606,612,52,710772,975,769987,0,019491
3,820000,5501,898,52,707014,972,363160,0,019308
3,830000,4812,935,52,702275,976,573770,0,019097
3,840000,2778,061,52,696555,971,606403,0,018860
3,850000,2650,821,52,689854,971,023851,0,018596
3,860000,2787,544,52,682172,980,030668,0,018305
3,870000,3042,235,52,673509,984,221222,0,017988
3,880000,4858,422,52,663865,983,014885,0,017646
3,890000,5720,182,52,653240,979,952042,0,017278
3,900000,2437,851,52,641634,969,767451,0,016887
3,910000,2322,793,52,629047,971,666394,0,016471
3,920000,2395,918,52,615479,974,762284,0,016031
3,930000,4808,690,52,600930,985,886274,0,015569
3,940000,2697,172,52,585400,980,624608,0,015085
3,950000,2370,359,52,568889,981,093108,0,014579
3,960000,2450,595,52,551397,992,155577,0,014053
3,970000,2403,167,52,532924,993,924544,0,013507
3,980000,6377,935,52,513470,996,895969,0,012941
3,990000,2457,733,52,493035,993,233290,0,012357
4,000000,2277,099,52,471619,997,991738,0,011756
4,010000,2467,700,52,449222,1010,119267,0,011138
4,020000,2362,297,52,425844,1025,512709,0,010503
4,030000,4986,780,52,401485,1032,198436,0,009855
4,040000,2480,411,52,376145,1023,677014,0,009192
4,050000,4680,582,52,349824,1034,431017,0,008516
4,060000,5192,634,52,322522,1038,157864,0,007827
4,070000,2544,012,52,294239,1046,815239,0,007128
4,080000,3072,384,52,264975,1043,965386,0,006419
4,090000,2650,821,52,234730,1046,651074,0,005700
4,100000,2702,394,52,203504,1045,442438,0,004974
4,110000,2834,962,52,171297,1056,822480,0,004240
4,120000,6606,564,52,138109,1048,217532,0,003500
4,130000,3616,051,52,103940,1042,221283,0,002756
4,140000,6502,834,52,068790,1037,658227,0,002007
4,150000,8407,141,52,032659,1037,289808,0,001256
4,160000,3230,303,51,995547,1050,041711,0,000503
4,170000,3489,960,51,957454,1068,619435,-0,000251
4,180000,3156,887,51,918380,1056,066061,-0,001005
4,190000,7908,935,51,878325,1061,136407,-0,001757
4,200000,7135,967,51,837289,1059,200621,-0,002507
4,210000,3421,257,51,795272,1056,605449,-0,003253
4,220000,3743,332,51,752274,1055,476073,-0,003994
4,230000,4247,629,51,708295,1056,210699,-0,004730
4,240000,6877,705,51,663335,1066,171074,-0,005459
4,250000,3546,694,51,617394,1075,343725,-0,006180
4,260000,7951,598,51,570472,1061,016073,-0,006893
4,270000,4548,081,51,522569,1066,305585,-0,007596
4,280000,7440,530,51,473684,1050,927103,-0,008288
4,290000,3923,815,51,423819,1064,557166,-0,008968
4,300000,3694,230,51,372973,1061,463988,-0,009635
4,310000,5052,270,51,321146,1054,434114,-0,010289
4,320000,9155,868,51,268338,1075,307495,-0,010928
4,330000,9458,868,51,214549,1076,396983,-0,011551
4,340000,3946,155,51,159779,1076,741532,-0,012159
4,350000,7943,037,51,104028,1080,490219,-0,012748
4,360000,7727,893,51,047296,1065,157433,-0,013320
4,370000,7563,047,50,989583,1069,704292,-0,013873
4,380000,8617,123,50,930889,1074,084905,-0,014406
4,390000,3795,165,50,871214,1075,111456,-0,014919
4,400000,4034,932,50,810558,1083,222068,-0,015410
4,410000,8043,072,50,748921,1095,918801,-0,015880
4,420000,3795,165,50,686303,1100,931122,-0,016327
4,430000,3901,771,50,622704,1105,747855,-0,016751
4,440000,4347,934,50,558124,1073,679070,-0,017151
4,450000,10167,597,50,492563,1059,980419,-0,017526
4,460000,4510,356,50,426021,1062,315338,-0,017877
4,470000,4400,166,50,358498,1062,221712,-0,018202
4,480000,10197,050,50,289994,1054,987999,-0,018502
4,490000,4616,281,50,220509,1057,874989,-0,018775
4,500000,5038,238,50,150043,1065,810608,-0,019021
4,510000,11562,940,50,078596,1054,558635,-0,019241
4,520000,8696,067,50,006168,1056,546696,-0,019433
4,530000,8367,729,49,932759,1048,546708,-0,019597
4,540000,10297,378,49,858369,1055,924447,-0,019734
4,550000,5033,424,49,782998,1058,086031,-0,019842
4,560000,9571,075,49,706646,1058,131251,-0,019923
4,570000,4856,750,49,629313,1069,022274,-0,019975
4,580000,4925,640,49,550999,1068,408358,-0,019998
4,590000,4925,640,49,471704,1073,490439,-0,019994
4,600000,5131,400,49,391428,1054,741545,-0,019961
4,610000,10478,712,49,310171,1059,410964,-0,019899
4,620000,5321,311,49,227933,1068,173496,-0,019809
4,630000,11243,504,49,144714,1064,548374,-0,019691
4,640000,4789,760,49,060514,1064,316708,-0,019545
4,650000,4856,750,48,975333,1062,181183,-0,019372
4,660000,5032,719,48,889171,1082,568431,-0,019170
4,670000,5182,949,48,802028,1082,483963,-0,018942
4,680000,5346,919,48,713904,1091,086492,-0,018687
4,690000,12823,927,48,624799,1096,242328,-0,018405
4,700000,5182,949,48,534713,1111,919355,-0,018097
4,710000,10824,386,48,443646,1116,093025,-0,017763
4,720000,4789,760,48,351598,1126,638726,-0,017404
4,730000,4789,760,48,258569,1111,899599,-0,017020
4,740000,0,000,48,164559,1117,253251,-0,016612
4,750000,0,000,48,069568,1111,340488,-0,016180
4,760000,6496,334,47,973596,1126,931642,-0,015726
4,770000,0,000,47,876643,1127,456151,-0,015249
4,780000,10976,497,47,778709,1142,293222,-0,014750
4,790000,0,000,47,679794,1150,655583,-0,014231
4,800000,0,000,47,579897,1159,108124,-0,013691
4,810000,0,000,47,479020,1174,333432,-0,013132
4,820000,0,000,47,377162,1168,419076,-0,012554
4,830000,0,000,47,274323,1175,729398,-0,011958
4,840000,0,000,47,170503,1172,232857,-0,011345
4,850000,0,000,47,065702,1177,917059,-0,010717
4,860000,0,000,46,959920,1190,723255,-0,010072
4,870000,0,000,46,853157,1199,207322,-0,009414
4,880000,0,000,46,745413,1191,395603,-0,008742
4,890000,0,000,46,636688,1194,553895,-0,008058
4,900000,0,000,46,550730,1206,011187,-0,007362
4,910000,0,000,46,508160,1226,158681,-0,006656
4,920000,0,000,46,464610,1235,172180,-0,005941
4,930000,0,000,46,420078,1244,399573,-0,005217
4,940000,0,000,46,374566,1253,432203,-0,004485
4,950000,0,000,46,328072,1251,016092,-0,003748
4,960000,0,000,46,280598,1262,369440,-0,003005
4,970000,0,000,46,232143,1270,631517,-0,002257
4,980000,0,000,46,182706,1274,254062,-0,001507
4,990000,0,000,46,132289,1286,297985,-0,000754
5,000000,0,000,46,080890,1290,110237,0,000000
5,010000,0,000,46,028511,1305,793793,0,000754
5,020000,0,000,45,975150,1315,293031,0,001507
5,030000,256,212,45,920809,1328,080429,0,002257
5,040000,0,000,45,865487,1342,690092,0,003005
5,050000,144,928,45,809183,1341,908415,0,003748
5,060000,0,000,45,751899,1355,912344,0,004485
5,070000,0,000,45,693633,1349,272993,0,005217
5,080000,547,413,45,634387,1354,401792,0,005941
5,090000,0,000,45,574159,1353,898620,0,006656
5,100000,202,649,45,512951,1361,004229,0,007362
5,110000,0,000,45,450762,1376,555558,0,008058
5,120000,0,000,45,387591,1375,028852,0,008742
5,130000,0,000,45,323440,1379,532114,0,009414
5,140000,0,000,45,258307,1388,313714,0,010072
5,150000,0,000,45,192194,1397,924031,0,010717
5,160000,0,000,45,125099,1401,008077,0,011345
5,170000,0,000,45,057024,1404,015602,0,011958
5,180000,0,000,44,987967,1403,249717,0,012554
5,190000,0,000,44,917930,1393,446701,0,013132
5,200000,8621,217,44,846912,1377,473395,0,013691
5,210000,0,000,44,774912,1395,400638,0,014231
5,220000,0,000,44,701932,1407,919250,0,014750
5,230000,5631,334,44,627970,1411,214823,0,015249
5,240000,195,910,44,553028,1430,513354,0,015726
5,250000,0,000,44,477104,1436,729050,0,016180
5,260000,0,000,44,400200,1435,511070,0,016612
5,270000,0,000,44,322315,1450,814040,0,017020
5,280000,0,000,44,243448,1446,786810,0,017404
5,290000,0,000,44,163601,1455,788651,0,017763
5,300000,0,000,44,082772,1450,824889,0,018097
5,310000,0,000,44,000963,1458,022919,0,018405
5,320000,0,000,43,918172,1456,944485,0,018687
5,330000,0,000,43,834401,1453,115474,0,018942
5,340000,0,000,43,749649,1448,304634,0,019170
5,350000,0,000,43,663915,1451,220144,0,019372
5,360000,0,000,43,577201,1452,646304,0,019545
5,370000,0,000,43,489505,1448,474942,0,019691
5,380000,0,000,43,400829,1441,527193,0,019809
5,390000,0,000,43,311171,1454,484909,0,019899
5,400000,0,000,43,220533,1453,225877,0,019961
5,410000,0,000,43,128914,1460,166315,0,019994
5,420000,0,000,43,036313,1462,852581,0,019998
5,430000,0,000,42,942732,1443,585807,0,019975
5,440000,0,000,42,848169,1451,690428,0,019923
5,450000,0,000,42,752626,1450,709607,0,019842
5,460000,0,000,42,656101,1449,089332,0,019734
5,470000,0,000,42,558596,1454,115766,0,019597
5,480000,0,000,42,460110,1445,578808,0,019433
5,490000,0,000,42,360642,1444,033227,0,019241
5,500000,0,000,42,260194,1463,855303,0,019021
5,510000,0,000,42,158764,1451,605163,0,018775
5,520000,0,000,42,056354,1456,400644,0,018502
5,530000,0,000,41,952962,1447,852159,0,018202
5,540000,0,000,41,848590,1455,556799,0,017877
5,550000,0,000,41,743236,1446,544423,0,017526
5,560000,0,000,41,636902,1459,304831,0,017151
5,570000,0,000,41,529587,1444,621530,0,016751
5,580000,0,000,41,421290,1445,311279,0,016327
5,590000,0,000,41,312013,1440,181306,0,015880
5,600000,0,000,41,201754,1452,361911,0,015410
5,610000,0,000,41,091441,1450,311501,0,014919
5,620000,0,000,40,982484,1460,342055,0,014406
5,630000,0,000,40,872545,1464,868786,0,013873
5,640000,0,000,40,761626,1484,402769,0,013320
5,650000,0,000,40,649726,1480,410556,0,012748
5,660000,0,000,40,536845,1486,232336,0,012159
5,670000,0,000,40,422982,1488,794835,0,011551
5,680000,0,000,40,308139,1493,733823,0,010928
5,690000,0,000,40,192315,1503,993320,0,010289
5,700000,0,000,40,075510,1511,983099,0,009635
5,710000,0,000,39,957723,1521,511428,0,008968
5,720000,0,000,39,838956,1526,303095,0,008288
5,730000,0,000,39,719208,1537,897472,0,007596
5,740000,0,000,39,598479,1547,584680,0,006893
5,750000,0,000,39,476768,1561,373492,0,006180
5,760000,0,000,39,354077,1572,445005,0,005459
5,770000,0,000,39,230405,1583,947059,0,004730
5,780000,0,000,39,105752,1592,149961,0,003994
5,790000,0,000,38,980117,1600,034077,0,003253
5,800000,0,000,38,853502,1599,250350,0,002507
5,810000,0,000,38,725906,1593,929934,0,001757
5,820000,0,000,38,597329,1604,819846,0,001005
5,830000,0,000,38,467770,1613,663996,0,000251
5,840000,0,000,38,337231,1612,021336,-0,000503
5,850000,0,000,38,205711,1613,514152,-0,001256
5,860000,0,000,38,073210,1631,484590,-0,002007
5,870000,39,110,37,939728,1620,786785,-0,002756
5,880000,0,000,37,805264,1618,556311,-0,003500
5,890000,0,000,37,669820,1615,498142,-0,004240
5,900000,0,000,37,533395,1627,017336,-0,004974
5,910000,0,000,37,395989,1649,333459,-0,005700
5,920000,0,000,37,257601,1656,635661,-0,006419
5,930000,0,000,37,118233,1655,273529,-0,007128
5,940000,0,000,36,977884,1636,525306,-0,007827
5,950000,0,000,36,836554,1626,037174,-0,008516
5,960000,0,000,36,694242,1637,264160,-0,009192
5,970000,0,000,36,550950,1649,983717,-0,009855
5,980000,0,000,36,406677,1636,763143,-0,010503
5,990000,0,000,36,261423,1629,019840,-0,011138
6,000000,0,000,36,115187,1618,761963,-0,011756
6,010000,0,000,35,967971,1624,075612,-0,012357
6,020000,0,000,35,819774,1608,533933,-0,012941
6,030000,0,000,35,670596,1618,263075,-0,013507
6,040000,0,000,35,520436,1620,427443,-0,014053
6,050000,0,000,35,369296,1609,005872,-0,014579
6,060000,0,000,35,217175,1593,803949,-0,015085
6,070000,0,000,35,064073,1585,024612,-0,015569
6,080000,0,000,34,909989,1592,550880,-0,016031
6,090000,30,015,34,754925,1581,632485,-0,016471
6,100000,0,000,34,598880,1570,819413,-0,016887
6,110000,0,000,34,441854,1567,163951,-0,017278
6,120000,0,000,34,283846,1561,315082,-0,017646
6,130000,0,000,34,124858,1558,867477,-0,017988
6,140000,0,000,33,964889,1560,731359,-0,018305
6,150000,0,000,33,803939,1556,350125,-0,018596
6,160000,0,000,33,642007,1560,129284,-0,018860
6,170000,0,000,33,479095,1557,420196,-0,019097
6,180000,0,000,33,315202,1557,010896,-0,019308
6,190000,0,000,33,150328,1543,090490,-0,019491
6,200000,0,000,32,984472,1535,352911,-0,019646
6,210000,0,000,32,817636,1540,053178,-0,019773
6,220000,0,000,32,649819,1531,477276,-0,019872
6,230000,0,000,32,481021,1531,454558,-0,019943
6,240000,0,000,32,311241,1538,840904,-0,019986
6,250000,0,000,32,140481,1524,481708,-0,020000
6,260000,0,000,31,968740,1530,673454,-0,019986
6,270000,0,000,31,796018,1524,187260,-0,019943
6,280000,0,000,31,622314,1516,254591,-0,019872
6,290000,0,000,31,447630,1521,664421,-0,019773
6,300000,318,721,31,271965,1520,825663,-0,019646
6,310000,143,384,31,095319,1535,785012,-0,019491
6,320000,0,000,30,974561,1516,124280,-0,019308
6,330000,0,000,30,901475,1498,683419,-0,019097
6,340000,0,000,30,827409,1504,186703,-0,018860
6,350000,0,000,30,752361,1499,230386,-0,018596
6,360000,0,000,30,676332,1498,264952,-0,018305
6,370000,0,000,30,599323,1517,702329,-0,017988
6,380000,0,000,30,521332,1523,628945,-0,017646
6,390000,52,818,30,442360,1532,619667,-0,017278
6,400000,0,000,30,362408,1514,754479,-0,016887
6,410000,87,689,30,281474,1518,730926,-0,016471
6,420000,1584,456,30,199559,1519,293269,-0,016031
6,430000,0,000,30,116664,1507,879002,-0,015569
6,440000,393,566,30,032787,1497,377010,-0,015085
6,450000,264,478,29,947929,1511,080971,-0,014579
6,460000,0,000,29,862091,1494,467668,-0,014053
6,470000,71,061,29,775271,1492,054638,-0,013507
6,480000,22,608,29,687470,1500,749372,-0,012941
6,490000,7549,078,29,598689,1495,476574,-0,012357
6,500000,8075,758,29,508926,1507,875297,-0,011756
6,510000,7892,218,29,418182,1517,694342,-0,011138
6,520000,0,000,29,326458,1515,022785,-0,010503
6,530000,0,000,29,233752,1518,557286,-0,009855
6,540000,0,000,29,140065,1522,333094,-0,009192
6,550000,0,000,29,045398,1539,126362,-0,008516
6,560000,0,000,28,949749,1542,078294,-0,007827
6,570000,0,000,28,853119,1535,510918,-0,007128
6,580000,0,000,28,755509,1543,272608,-0,006419
6,590000,0,000,28,656917,1531,522836,-0,005700
6,600000,0,000,28,557344,1540,897844,-0,004974
6,610000,0,000,28,456791,1524,005580,-0,004240
6,620000,0,000,28,355256,1515,974628,-0,003500
6,630000,0,000,28,252740,1517,724012,-0,002756
6,640000,0,000,28,149244,1514,584540,-0,002007
6,650000,0,000,28,044766,1521,028195,-0,001256
6,660000,0,000,27,939307,1534,707326,-0,000503
6,670000,0,000,27,832868,1546,154221,0,000251
6,680000,0,000,27,725447,1550,084969,0,001005
6,690000,0,000,27,617045,1547,846579,0,001757
6,700000,0,000,27,507663,1542,998810,0,002507
6,710000,0,000,27,397299,1557,996524,0,003253
6,720000,0,000,27,367744,1552,362333,0,003994
6,730000,0,000,27,452075,1553,103328,0,004730
6,740000,0,000,27,535424,1556,718893,0,005459
6,750000,0,000,27,617793,1555,327798,0,006180
6,760000,0,000,27,699181,1560,446370,0,006893
6,770000,0,000,27,779587,1555,837418,0,007596
6,780000,0,000,27,859013,1556,146795,0,008288
6,790000,0,000,27,937458,1545,341735,0,008968
6,800000,0,000,28,014921,1548,670508,0,009635
6,810000,0,000,28,091404,1544,509810,0,010289
6,820000,0,000,28,166906,1546,892624,0,010928
6,830000,0,000,28,241427,1556,435389,0,011551
6,840000,0,000,28,314966,1564,137366,0,012159
6,850000,0,000,28,387525,1561,823216,0,012748
6,860000,0,000,28,459103,1566,966354,0,013320
6,870000,0,000,28,529699,1570,471309,0,013873
6,880000,5836,262,28,599315,1577,527957,0,014406
6,890000,6206,546,28,667950,1560,307433,0,014919
6,900000,5885,722,28,735603,1557,499341,0,015410
6,910000,5885,722,28,802276,1559,123058,0,015880
6,920000,6733,585,28,867968,1549,745155,0,016327
6,930000,5600,929,28,932679,1559,858868,0,016751
6,940000,5342,425,28,996408,1532,805954,0,017151
6,950000,5512,025,29,059157,1532,438930,0,017526
6,960000,0,000,29,120925,1531,150568,0,017877
6,970000,0,000,29,181711,1516,103161,0,018202
6,980000,0,000,29,241517,1513,432224,0,018502
6,990000,0,000,29,300342,1511,234192,0,018775
7,000000,0,000,29,358185,1521,074333,0,019021
7,010000,0,000,29,415048,1505,126173,0,019241
7,020000,0,000,29,470930,1503,390042,0,019433
7,030000,0,000,29,525830,1517,170487,0,019597
7,040000,0,000,29,579750,1524,539057,0,019734
7,050000,0,000,29,632689,1519,183176,0,019842
7,060000,0,000,29,684647,1498,024849,0,019923
7,070000,0,000,29,735623,1482,169208,0,019975
7,080000,0,000,29,785619,1485,978512,0,019998
7,090000,0,000,29,834634,1492,148130,0,019994
7,100000,0,000,29,882667,1483,134195,0,019961
7,110000,0,000,29,929720,1473,115168,0,019899
7,120000,0,000,29,975792,1484,033344,0,019809
7,130000,0,000,30,020882,1482,880574,0,019691
7,140000,0,000,30,064992,1487,444278,0,019545
7,150000,0,000,30,108121,1483,660551,0,019372
7,160000,0,000,30,150269,1474,507507,0,019170
7,170000,0,000,30,191435,1481,463352,0,018942
7,180000,0,000,30,231621,1465,177907,0,018687
7,190000,2441,179,30,270826,1457,306313,0,018405
7,200000,2579,172,30,309049,1459,394769,0,018097
7,210000,0,000,30,346292,1456,782084,0,017763
7,220000,0,000,30,382554,1463,440344,0,017404
7,230000,0,000,30,417834,1451,868997,0,017020
7,240000,0,000,30,452134,1456,397322,0,016612
7,250000,0,000,30,485453,1456,401752,0,016180
7,260000,0,000,30,517791,1457,319016,0,015726
7,270000,0,000,30,549147,1466,137208,0,015249
7,280000,0,000,30,579523,1450,701217,0,014750
7,290000,0,000,30,608918,1451,608486,0,014231
7,300000,0,000,30,637331,1460,177630,0,013691
7,310000,0,000,30,664764,1462,631300,0,013132
7,320000,0,000,30,691216,1471,774245,0,012554
7,330000,0,000,30,716686,1478,506442,0,011958
7,340000,0,000,30,741176,1491,874307,0,011345
7,350000,0,000,30,764685,1493,045256,0,010717
7,360000,0,000,30,787213,1501,233162,0,010072
7,370000,0,000,30,808759,1528,323821,0,009414
7,380000,0,000,30,829325,1549,769567,0,008742
7,390000,0,000,30,848910,1547,828360,0,008058
7,400000,0,000,30,867513,1539,736465,0,007362
7,410000,0,000,30,885136,1552,131523,0,006656
7,420000,0,000,30,901778,1555,339020,0,005941
7,430000,0,000,30,917438,1556,610335,0,005217
7,440000,0,000,30,932118,1562,253385,0,004485
7,450000,186,522,30,945817,1563,446420,0,003748
7,460000,0,000,30,958534,1561,862016,0,003005
7,470000,0,000,30,970271,1557,536492,0,002257
7,480000,0,000,30,981027,1564,698578,0,001507
7,490000,0,000,30,990802,1549,236583,0,000754
7,500000,0,000,30,999595,1532,930602,0,000000
7,510000,0,000,31,007408,1548,245160,-0,000754
7,520000,0,000,31,014240,1547,111999,-0,001507
7,530000,0,000,31,020090,1538,640384,-0,002257
7,540000,0,000,31,024960,1552,340202,-0,003005
7,550000,0,000,31,028849,1550,202595,-0,003748
7,560000,0,000,31,031756,1553,032568,-0,004485
7,570000,0,000,31,033683,1561,137615,-0,005217
7,580000,0,000,31,034629,1575,578160,-0,005941
7,590000,0,000,31,034594,1564,442254,-0,006656
7,600000,0,000,31,033577,1570,657761,-0,007362
7,610000,0,000,31,031580,1545,305600,-0,008058
7,620000,0,000,31,028602,1541,556035,-0,008742
7,630000,0,000,31,024642,1542,621571,-0,009414
7,640000,0,000,31,019702,1537,641772,-0,010072
7,650000,0,000,31,013781,1549,094802,-0,010717
7,660000,0,000,31,006878,1548,894811,-0,011345
7,670000,0,000,30,998995,1548,047923,-0,011958
7,680000,0,000,30,990131,1540,167355,-0,012554
7,690000,0,000,30,980286,1538,858450,-0,013132
7,700000,0,000,30,969459,1533,737726,-0,013691
7,710000,0,000,30,957652,1535,981020,-0,014231
7,720000,0,000,30,944864,1535,278189,-0,014750
7,730000,0,000,30,931094,1520,453134,-0,015249
7,740000,0,000,30,916344,1518,439229,-0,015726
7,750000,0,000,30,900613,1535,308956,-0,016180
7,760000,0,000,30,883900,1536,100758,-0,016612
7,770000,0,000,30,866207,1531,286671,-0,017020
7,780000,0,000,30,847533,1532,095143,-0,017404
7,790000,0,000,30,827877,1538,633212,-0,017763
7,800000,0,000,30,807241,1542,407860,-0,018097
7,810000,0,000,30,785624,1537,109379,-0,018405
7,820000,0,000,30,763026,1555,672366,-0,018687
7,830000,0,000,30,739446,1544,650081,-0,018942
7,840000,0,000,30,714886,1544,007308,-0,019170
7,850000,0,000,30,689345,1531,643457,-0,019372
7,860000,0,000,30,662822,1539,391567,-0,019545
7,870000,0,000,30,635319,1523,250325,-0,019691
7,880000,0,000,30,606835,1523,700416,-0,019809
7,890000,0,000,30,577369,1517,963956,-0,019899
7,900000,0,000,30,546923,1509,448627,-0,019961
7,910000,0,000,30,515496,1495,479202,-0,019994
7,920000,0,000,30,483088,1488,046373,-0,019998
7,930000,0,000,30,449698,1496,684823,-0,019975
7,940000,0,000,30,415328,1503,198943,-0,019923
7,950000,0,000,30,379977,1510,302479,-0,019842
7,960000,0,000,30,343644,1505,921485,-0,019734
7,970000,0,000,30,306331,1515,160127,-0,019597
7,980000,0,000,30,344732,1513,819832,-0,019433
7,990000,0,000,30,412680,1514,401628,-0,019241
8,000000,0,000,30,479647,1485,121283,-0,019021
8,010000,0,000,30,545633,1489,094084,-0,018775
8,020000,0,000,30,610639,1499,268803,-0,018502
8,030000,0,000,30,674663,1496,105372,-0,018202
8,040000,0,000,30,737706,1503,299705,-0,017877
8,050000,0,000,30,799768,1505,146717,-0,017526
8,060000,0,000,30,860849,1505,537865,-0,017151
8,070000,0,000,30,920949,1503,095977,-0,016751
8,080000,0,000,30,980068,1510,721875,-0,016327
8,090000,0,000,31,038207,1510,796785,-0,015880
8,100000,0,000,31,095364,1519,511117,-0,015410
8,110000,0,000,31,151540,1518,748214,-0,014919
8,120000,0,000,31,206735,1528,871770,-0,014406
8,130000,0,000,31,260949,1530,485227,-0,013873
8,140000,0,000,31,350227,1540,809753,-0,013320
8,150000,0,000,31,449465,1541,739178,-0,012748
8,160000,0,000,31,547722,1549,556500,-0,012159
8,170000,0,000,31,644998,1554,314149,-0,011551
8,180000,0,000,31,741293,1546,817948,-0,010928
8,190000,0,000,31,836607,1560,402632,-0,010289
8,200000,0,000,31,930941,1572,096581,-0,009635
8,210000,0,000,32,024293,1572,081108,-0,008968
8,220000,0,000,32,116664,1583,959991,-0,008288
8,230000,0,000,32,208054,1584,767790,-0,007596
8,240000,0,000,32,298463,1591,172226,-0,006893
8,250000,0,000,32,387891,1598,761252,-0,006180
8,260000,0,000,32,476338,1606,410224,-0,005459
8,270000,0,000,32,563804,1607,546052,-0,004730
8,280000,0,000,32,650290,1603,797396,-0,003994
8,290000,0,000,32,735794,1612,794570,-0,003253
8,300000,0,000,32,820317,1607,174725,-0,002507
8,310000,0,000,32,903859,1608,636576,-0,001757
8,320000,0,000,32,986420,1610,782617,-0,001005
8,330000,0,000,33,068000,1622,566596,-0,000251
8,340000,0,000,33,148599,1634,135371,0,000503
8,350000,0,000,33,228217,1636,282674,0,001256
8,360000,0,000,33,306855,1635,526286,0,002007
8,370000,0,000,33,384511,1626,044344,0,002756
8,380000,0,000,33,461186,1626,079492,0,003500
8,390000,0,000,33,536880,1619,491931,0,004240
8,400000,0,000,33,611593,1626,168268,0,004974
8,410000,0,000,33,685325,1632,997305,0,005700
8,420000,0,000,33,758076,1627,266036,0,006419
8,430000,0,000,33,829846,1623,667209,0,007128
8,440000,0,000,33,900636,1621,681682,0,007827
8,450000,0,000,33,970444,1615,636598,0,008516
8,460000,0,000,34,039271,1629,869062,0,009192
8,470000,0,000,34,107117,1632,647814,0,009855
8,480000,0,000,34,173982,1630,897583,0,010503
8,490000,0,000,34,239866,1641,838204,0,011138
8,500000,139,087,34,304769,1638,670626,0,011756
8,510000,456,802,34,368691,1645,152382,0,012357
8,520000,0,000,34,431633,1643,727114,0,012941
8,530000,0,000,34,493593,1632,475013,0,013507
8,540000,0,000,34,570536,1648,627911,0,014053
8,550000,0,000,34,698135,1648,744429,0,014579
8,560000,0,000,34,824752,1648,123762,0,015085
8,570000,0,000,34,950389,1652,813115,0,015569
8,580000,0,000,35,075045,1648,601600,0,016031
8,590000,0,000,35,198720,1644,532746,0,016471
8,600000,0,000,35,321413,1636,830588,0,016887
8,610000,0,000,35,443126,1642,822834,0,017278
8,620000,0,000,35,563858,1649,849867,0,017646
8,630000,0,000,35,683609,1663,141204,0,017988
8,640000,0,000,35,802379,1640,829659,0,018305
8,650000,0,000,35,920167,1645,983749,0,018596
8,660000,0,000,36,036975,1646,268263,0,018860
8,670000,0,000,36,152802,1660,319347,0,019097
8,680000,0,000,36,267648,1662,718140,0,019308
8,690000,0,000,36,381512,1652,882312,0,019491
8,700000,0,000,36,494396,1656,121257,0,019646
8,710000,0,000,36,606299,1670,101895,0,019773
8,720000,0,000,36,717221,1661,296367,0,019872
8,730000,0,000,36,827161,1664,575333,0,019943
8,740000,0,000,36,936121,1649,683627,0,019986
8,750000,0,000,37,044100,1646,215462,0,020000
8,760000,0,000,37,151098,1645,277884,0,019986
8,770000,317,729,37,257115,1656,955811,0,019943
8,780000,0,000,37,362150,1645,584342,0,019872
8,790000,0,000,37,466205,1633,258033,0,019773
8,800000,0,000,37,569279,1617,495904,0,019646
8,810000,0,000,37,671372,1619,436143,0,019491
8,820000,0,000,37,772483,1627,364276,0,019308
8,830000,0,000,37,872614,1621,464189,0,019097
8,840000,0,000,37,971764,1620,529789,0,018860
8,850000,0,000,38,069933,1619,608459,0,018596
8,860000,0,000,38,167120,1630,314005,0,018305
8,870000,37,664,38,263327,1632,876239,0,017988
8,880000,0,000,38,358553,1632,906690,0,017646
8,890000,0,000,38,452798,1634,672061,0,017278
8,900000,0,000,38,546062,1635,978965,0,016887
8,910000,0,000,38,638344,1646,738452,0,016471
8,920000,113,458,38,729646,1654,874572,0,016031
8,930000,0,000,38,819967,1645,724357,0,015569
8,940000,0,000,38,909307,1661,335908,0,015085
8,950000,0,000,38,997665,1667,575963,0,014579
8,960000,0,000,39,085043,1658,854525,0,014053
8,970000,0,000,39,171440,1674,066955,0,013507
8,980000,0,000,39,256856,1686,435244,0,012941
8,990000,0,000,39,341290,1709,871978,0,012357
9,000000,0,000,39,424744,1718,162398,0,011756
9,010000,0,000,39,507217,1730,520284,0,011138
9,020000,0,000,39,588709,1752,271258,0,010503
9,030000,0,000,39,669220,1762,060865,0,009855
9,040000,0,000,39,748749,1774,438450,0,009192
9,050000,0,000,39,827298,1773,949909,0,008516
9,060000,0,000,39,904866,1778,219254,0,007827
9,070000,0,000,39,981453,1785,103756,0,007128
9,080000,0,000,40,057058,1789,387355,0,006419
9,090000,0,000,40,131683,1788,842941,0,005700
9,100000,0,000,40,205327,1810,426747,0,004974
9,110000,0,000,40,277990,1809,568746,0,004240
9,120000,0,000,40,349671,1813,573197,0,003500
9,130000,0,000,40,420372,1829,236548,0,002756
9,140000,0,000,40,490092,1847,122630,0,002007
9,150000,0,000,40,558831,1848,243296,0,001256
9,160000,0,000,40,626589,1862,080639,0,000503
9,170000,0,000,40,693365,1853,227377,-0,000251
9,180000,0,000,40,759161,1870,363870,-0,001005
9,190000,0,000,40,823976,1884,982833,-0,001757
9,200000,0,000,40,887810,1894,830331,-0,002507
9,210000,0,000,40,950662,1891,195737,-0,003253
9,220000,0,000,41,012534,1897,642136,-0,003994
9,230000,0,000,41,073425,1902,706278,-0,004730
9,240000,0,000,41,133335,1891,515061,-0,005459
9,250000,0,000,41,192263,1880,807592,-0,006180
9,260000,0,000,41,250211,1875,481156,-0,006893
9,270000,0,000,41,307178,1881,082966,-0,007596
9,280000,0,000,41,363164,1874,733421,-0,008288
9,290000,0,000,41,418169,1882,976356,-0,008968
9,300000,0,000,41,472192,1888,229012,-0,009635
9,310000,0,000,41,525235,1889,488687,-0,010289
9,320000,0,000,41,577297,1886,559154,-0,010928
9,330000,0,000,41,628378,1899,310869,-0,011551
9,340000,0,000,41,678477,1906,699206,-0,012159
9,350000,0,000,41,727596,1901,321059,-0,012748
9,360000,0,000,41,775734,1902,160565,-0,013320
9,370000,0,000,41,822891,1922,070201,-0,013873
9,380000,0,000,41,869066,1916,755409,-0,014406
9,390000,0,000,41,914261,1914,003455,-0,014919
9,400000,0,000,41,958475,1901,952013,-0,015410
9,410000,0,000,42,001708,1906,506446,-0,015880
9,420000,0,000,42,043960,1888,036999,-0,016327
9,430000,0,000,42,085230,1880,665736,-0,016751
9,440000,33,280,42,125520,1889,806752,-0,017151
9,450000,1839,800,42,164829,1903,819273,-0,017526
9,460000,0,000,42,203157,1891,011893,-0,017877
9,470000,0,000,42,240503,1880,786780,-0,018202
9,480000,0,000,42,276869,1885,173749,-0,018502
9,490000,1234,563,42,312254,1895,716463,-0,018775
9,500000,0,000,42,346658,1906,954703,-0,019021
9,510000,0,000,42,380080,1924,531539,-0,019241
9,520000,0,000,42,412522,1901,372832,-0,019433
9,530000,0,000,42,443983,1889,229525,-0,019597
9,540000,40,452,42,474463,1886,027661,-0,019734
9,550000,0,000,42,503962,1885,533936,-0,019842
9,560000,0,000,42,532479,1889,934802,-0,019923
9,570000,24,254,42,560016,1872,731124,-0,019975
9,580000,0,000,42,586572,1867,477499,-0,019998
9,590000,0,000,42,612147,1865,257491,-0,019994
9,600000,0,000,42,636740,1861,151460,-0,019961
9,610000,0,000,42,660353,1863,165354,-0,019899
9,620000,0,000,42,682985,1876,469099,-0,019809
9,630000,1982,273,42,777987,1880,384395,-0,019691
9,640000,0,000,42,892950,1873,118958,-0,019545
9,650000,639,517,43,006932,1871,059474,-0,019372
9,660000,0,000,43,119933,1866,836894,-0,019170
9,670000,0,000,43,231952,1881,182939,-0,018942
9,680000,0,000,43,342991,1887,930256,-0,018687
9,690000,0,000,43,453049,1865,831162,-0,018405
9,700000,0,000,43,562126,1860,204281,-0,018097
9,710000,0,000,43,670222,1860,152192,-0,017763
9,720000,0,000,43,777337,1874,988292,-0,017404
9,730000,180,459,43,883471,1875,662481,-0,017020
9,740000,4678,905,43,988624,1881,497450,-0,016612
9,750000,0,000,44,092796,1882,875144,-0,016180
9,760000,0,000,44,195987,1905,992916,-0,015726
9,770000,0,000,44,298197,1914,888813,-0,015249
9,780000,0,000,44,399426,1921,399243,-0,014750
9,790000,0,000,44,499673,1932,408454,-0,014231
9,800000,0,000,44,598940,1938,393403,-0,013691
9,810000,0,000,44,697226,1954,409240,-0,013132
9,820000,0,000,44,794531,1955,821106,-0,012554
9,830000,546,212,44,890855,1973,533038,-0,011958
9,840000,0,000,44,986198,1988,803323,-0,011345
9,850000,0,000,45,080560,1985,338011,-0,010717
9,860000,0,000,45,173941,2000,108373,-0,010072
9,870000,0,000,45,266341,2013,175646,-0,009414
9,880000,312,944,45,357760,2029,149280,-0,008742
9,890000,544,853,45,448198,2024,842475,-0,008058
9,900000,0,000,45,537655,2030,270446,-0,007362
9,910000,1524,862,45,626130,2034,416434,-0,006656
9,920000,0,000,45,713625,2059,135878,-0,005941
9,930000,3398,109,45,800139,2054,708785,-0,005217
9,940000,367,067,45,885672,2055,576020,-0,004485
9,950000,91,676,45,970224,2070,052871,-0,003748
9,960000,304,513,46,053795,2062,284401,-0,003005
9,970000,0,000,46,136385,2029,556260,-0,002257
9,980000,2493,092,46,217994,2036,799230,-0,001507
9,990000,0,000,46,298622,2041,081828,-0,000754
